"calib"	"raw"
"1"	0.650642857142857	0.732107142857143
"2"	0.768525641025641	0.72625
"3"	0.836134615384615	0.807038461538461
"4"	0.867668918918919	0.80339527027027
"5"	0.888730158730159	0.848095238095238
"6"	0.900285714285714	0.848071428571429
"7"	0.910119047619048	0.874603174603175
"8"	0.915735294117647	0.874926470588235
"9"	0.920666666666667	0.897208333333333
"10"	0.93125	0.896875
