"calib"	"raw"
"1"	0.683982683982684	0.731601731601732
"2"	0.831861471861472	0.732510822510823
"3"	0.888051948051948	0.83004329004329
"4"	0.908225108225108	0.83112554112554
"5"	0.917229437229437	0.890735930735931
"6"	0.927940115440115	0.891369047619048
"7"	0.931637806637807	0.925955988455988
"8"	0.934433621933622	0.926542207792208
"9"	0.936958874458874	0.936507936507937
"10"	0.935064935064935	0.936147186147186
